{
    "settings": {
        "token": "6985575840:AAHy55IWu3dNfppmrY3NQAE-Ur_mVV-8sts",
        "admin": "muqesq",
        "random_posts": 3,
        "DEBUG_MODE": 1
    },
    "codes": [
        "lCU2VsU9vXkao7dTxQxpxowrvy2Rbpcu",
        "511B3ys4gjV51LcWfowhy6H3r6f8raV6",
        "12345qq"
    ],
    "users": [
        {
            "name": "mrwoon_official",
            "id": 1423749884
        },
        {
            "name": "muqesq",
            "id": 481733241
        }
    ],
    "posts": [
        {
            "name": "1",
            "picture": "AgACAgIAAxkBAAIDXWYD8P_HIYP0yQEAAf1k2aag6j1PhQACytwxG07XGEiW_GhPqBpMzgEAAwIAA3gAAzQE",
            "content": "123",
            "button1": [
                "\u0422\u0435\u043a\u0441\u0442",
                "https://google.com"
            ],
            "button2": [
                "text",
                "https://google.com"
            ]
        }
    ]
}